UM17  VATRY VATRY PEMOB PEMOB
UM17  PEMOB PEMOB STU   STU
UM17  STU   STU   SWANY SWANY
UM17  SWANY SWANY KESUP KESUP
UM17  KESUP KESUP EXMOR EXMOR
UM17  EXMOR EXMOR GIBSO GIBSO
UM17  GIBSO GIBSO BILNI BILNI
UM17  BILNI BILNI KUMIL KUMIL