UN601 AKIVO AKIVO STN   STN
UN601 STN   STN   NEVIS NEVIS
UN601 NEVIS NEVIS ERSON ERSON
UN601 ERSON ERSON TLA   TLA
UN601 TLA   TLA   MARGO MARGO
UN601 MARGO MARGO SHAPP SHAPP
UN601 SHAPP SHAPP RIBEL RIBEL
UN601 RIBEL RIBEL POL   POL
UN601 POL   POL   BOLBI BOLBI
UN601 BOLBI BOLBI DISAL DISAL
UN601 DISAL DISAL ROBIN ROBIN
UN601 ROBIN ROBIN LESTA LESTA
UN601 LESTA LESTA PIPIN PIPIN
UN601 PIPIN PIPIN EBOTO EBOTO
UN601 EBOTO EBOTO POTON POTON
UN601 POTON POTON BPK   BPK
UN601 BPK   BPK   DET   DET
UN601 DET   DET   SANDY SANDY