N601  GRICE GRICE TLA   TLA
N601  TLA   TLA   ESKDO ESKDO
N601  ESKDO ESKDO MARGO MARGO
N601  MARGO MARGO SHAPP SHAPP
N601  SHAPP SHAPP RIBEL RIBEL
N601  RIBEL RIBEL NELSA NELSA
N601  NELSA NELSA POL   POL
N601  POL   POL   ROBIN ROBIN
N601  ROBIN ROBIN LESTA LESTA
N601  LESTA LESTA PIPIN PIPIN
N601  PIPIN PIPIN EBOTO EBOTO
N601  EBOTO EBOTO BEDFO BEDFO
N601  BEDFO BEDFO POTON POTON
N601  POTON POTON BPK   BPK
N601  BPK   BPK   BAKER BAKER
N601  BAKER BAKER DET   DET
N601  DET   DET   SANDY SANDY